web-scraper-order,web-scraper-start-url,loadmore,loadmore-href,loadstores,loadstores-href,adresse,telefon,website
"1615370119-106","https://bionetz.ch/adressen/detailhandel/bio-fachgeschaefte/page1.html","3","https://bionetz.ch/adressen/detailhandel/bio-fachgeschaefte/page3.html","Käse, Brot & Co.","https://bionetz.ch/adressen/detailhandel/bio-fachgeschaefte/kaese-brot-a-co.html","Schlüsselweg 5, 8810 Horgen","+41 43 244 66 35","null"
"1615370178-123","https://bionetz.ch/adressen/detailhandel/bio-fachgeschaefte/page1.html","3","https://bionetz.ch/adressen/detailhandel/bio-fachgeschaefte/page3.html","Fahrni Naturprodukte","https://bionetz.ch/adressen/detailhandel/bio-fachgeschaefte/fahrni-naturprodukte.html","Via Salet, 7500 St. Moritz","+41 81 833 03 00","null"
"1615370022-79","https://bionetz.ch/adressen/detailhandel/bio-fachgeschaefte/page1.html","4","https://bionetz.ch/adressen/detailhandel/bio-fachgeschaefte/page4.html","Matte-Lädeli","https://bionetz.ch/adressen/detailhandel/bio-fachgeschaefte/matte-laedeli.html","Gerberngasse 21, 3011 Bern","null","null"
"1615369918-49","https://bionetz.ch/adressen/detailhandel/bio-fachgeschaefte/page1.html","4","https://bionetz.ch/adressen/detailhandel/bio-fachgeschaefte/page4.html","Pro Natur","https://bionetz.ch/adressen/detailhandel/bio-fachgeschaefte/pro-natur.html","Oberdorfstrasse 12, 8340 Hinwil","+41 44 937 18 19","null"
"1615370296-156","https://bionetz.ch/adressen/detailhandel/bio-fachgeschaefte/page1.html","2","https://bionetz.ch/adressen/detailhandel/bio-fachgeschaefte/page2.html","BioLand","https://bionetz.ch/adressen/detailhandel/bio-fachgeschaefte/bioland.html","Hauptstrasse 56, 8162 Steinmaur","+41 44 854 05 04","null"
"1615370167-120","https://bionetz.ch/adressen/detailhandel/bio-fachgeschaefte/page1.html","3","https://bionetz.ch/adressen/detailhandel/bio-fachgeschaefte/page3.html","Fournil de la Ferme","https://bionetz.ch/adressen/detailhandel/bio-fachgeschaefte/fournil-de-la-ferme.html","Ch. de l'Auberge 4, 1213 Onex","+41 22 793 14 15","null"
"1615370092-98","https://bionetz.ch/adressen/detailhandel/bio-fachgeschaefte/page1.html","3","https://bionetz.ch/adressen/detailhandel/bio-fachgeschaefte/page3.html","La Bottega","https://bionetz.ch/adressen/detailhandel/bio-fachgeschaefte/la-bottega.html","Bottega Spruga, 6663 Spruga","+41 91 797 11 70","null"
"1615369946-57","https://bionetz.ch/adressen/detailhandel/bio-fachgeschaefte/page1.html","4","https://bionetz.ch/adressen/detailhandel/bio-fachgeschaefte/page4.html","Oekoladen","https://bionetz.ch/adressen/detailhandel/bio-fachgeschaefte/oekoladen.html","Theaterstrasse 7, 4051 Basel","+41 61 272 83 40","null"
"1615369997-72","https://bionetz.ch/adressen/detailhandel/bio-fachgeschaefte/page1.html","4","https://bionetz.ch/adressen/detailhandel/bio-fachgeschaefte/page4.html","Naturata Wettingen (Egli Reform AG)","https://bionetz.ch/adressen/detailhandel/bio-fachgeschaefte/naturata.html","Landstrasse 102, 5430 Wettingen","+41 56 427 36 10","null"
"1615370380-180","https://bionetz.ch/adressen/detailhandel/bio-fachgeschaefte/page1.html","2","https://bionetz.ch/adressen/detailhandel/bio-fachgeschaefte/page2.html","bambus bio-fair-trade","https://bionetz.ch/adressen/detailhandel/bio-fachgeschaefte/bambus-bio-fair-trade.html","Watterstrasse 18, 8105 Regensdorf","+41 44 840 51 59","null"
"1615370359-174","https://bionetz.ch/adressen/detailhandel/bio-fachgeschaefte/page1.html","2","https://bionetz.ch/adressen/detailhandel/bio-fachgeschaefte/page2.html","Bio Govinda","https://bionetz.ch/adressen/detailhandel/bio-fachgeschaefte/bio-govinda.html","Via della Motta 11, 6600 Locarno","+41 91 752 38 51","null"
"1615370258-145","https://bionetz.ch/adressen/detailhandel/bio-fachgeschaefte/page1.html","2","https://bionetz.ch/adressen/detailhandel/bio-fachgeschaefte/page2.html","Bühl Laden","https://bionetz.ch/adressen/detailhandel/bio-fachgeschaefte/buehl-laden.html","Oberdorfstrasse 20, 8820 Wädenswil","+41 44 780 31 87","null"
"1615370205-131","https://bionetz.ch/adressen/detailhandel/bio-fachgeschaefte/page1.html","3","https://bionetz.ch/adressen/detailhandel/bio-fachgeschaefte/page3.html","Désirée Riedweg-Steinegger","https://bionetz.ch/adressen/detailhandel/bio-fachgeschaefte/desiree-riedweg-steinegger.html","Mettmenstrasse 9, 6288 Schongau","+41 41 917 46 64","null"
"1615370387-182","https://bionetz.ch/adressen/detailhandel/bio-fachgeschaefte/page1.html","2","https://bionetz.ch/adressen/detailhandel/bio-fachgeschaefte/page2.html","Au Jardin de Cérès","https://bionetz.ch/adressen/detailhandel/bio-fachgeschaefte/au-jardin-de-ceres.html","rue de Tanneurs 3, 2900 Porrentruy","+41 32 466 47 29","null"
"1615369994-71","https://bionetz.ch/adressen/detailhandel/bio-fachgeschaefte/page1.html","4","https://bionetz.ch/adressen/detailhandel/bio-fachgeschaefte/page4.html","Naturdrogerie","https://bionetz.ch/adressen/detailhandel/bio-fachgeschaefte/naturdrogerie-.html","Hauptstrasse 40, 2560 Nidau","+41 32 331 64 84","null"
"1615369752-2","https://bionetz.ch/adressen/detailhandel/bio-fachgeschaefte/page1.html","5","https://bionetz.ch/adressen/detailhandel/bio-fachgeschaefte/page5.html","Zentrum-Markt Arnold","https://bionetz.ch/adressen/detailhandel/bio-fachgeschaefte/zentrum-markt-arnold.html","Schmiedgasse 10, 6460 Altdorf","null","null"
"1615369780-10","https://bionetz.ch/adressen/detailhandel/bio-fachgeschaefte/page1.html","5","https://bionetz.ch/adressen/detailhandel/bio-fachgeschaefte/page5.html","Vitalis Bioladen","https://bionetz.ch/adressen/detailhandel/bio-fachgeschaefte/vitalis-bioladen.html","Güterstrasse 203, 4053 Basel","+41 61 361 55 60","null"
"1615369759-4","https://bionetz.ch/adressen/detailhandel/bio-fachgeschaefte/page1.html","5","https://bionetz.ch/adressen/detailhandel/bio-fachgeschaefte/page5.html","Wyleregg-Laden","https://bionetz.ch/adressen/detailhandel/bio-fachgeschaefte/wyleregg-laden-.html","Wylerstrasse 49, 3014 Bern","+41 31 331 21 30","null"
"1615370191-127","https://bionetz.ch/adressen/detailhandel/bio-fachgeschaefte/page1.html","3","https://bionetz.ch/adressen/detailhandel/bio-fachgeschaefte/page3.html","Egli Löwenstrasse - Natural beauty & more","https://bionetz.ch/adressen/detailhandel/bio-fachgeschaefte/egli-loewenstrasse.html","Löwenstrasse 30, 8001 Zürich","+41 43 497 37 70","null"
"1615370053-88","https://bionetz.ch/adressen/detailhandel/bio-fachgeschaefte/page1.html","4","https://bionetz.ch/adressen/detailhandel/bio-fachgeschaefte/page4.html","Le Petit-Paradis","https://bionetz.ch/adressen/detailhandel/bio-fachgeschaefte/le-petit-paradis-.html","Pl. du Petit-Paradis 24, 1700 Fribourg","+41 26 323 32 80","null"
"1615370325-164","https://bionetz.ch/adressen/detailhandel/bio-fachgeschaefte/page1.html","2","https://bionetz.ch/adressen/detailhandel/bio-fachgeschaefte/page2.html","Bio-Laden","https://bionetz.ch/adressen/detailhandel/bio-fachgeschaefte/bio-laden.html","Städtchen 8, 8730 Uznach","+41 55 280 49 42","null"
"1615370370-177","https://bionetz.ch/adressen/detailhandel/bio-fachgeschaefte/page1.html","2","https://bionetz.ch/adressen/detailhandel/bio-fachgeschaefte/page2.html","Bio Bäckerei zum Lindhof","https://bionetz.ch/adressen/detailhandel/bio-fachgeschaefte/bio-baeckerei-zum-lindhof.html","Lindhofstrasse 53, 8617 Mönchaltorf","null","null"
"1615370102-101","https://bionetz.ch/adressen/detailhandel/bio-fachgeschaefte/page1.html","3","https://bionetz.ch/adressen/detailhandel/bio-fachgeschaefte/page3.html","L'Ultimo Bacio","https://bionetz.ch/adressen/detailhandel/bio-fachgeschaefte/raegeboge-obertor.html","Obertor 5, 8400 Winterthur","+41 52 203 16 43","null"
"1615370077-94","https://bionetz.ch/adressen/detailhandel/bio-fachgeschaefte/page1.html","3","https://bionetz.ch/adressen/detailhandel/bio-fachgeschaefte/page3.html","Laden an der R.Steiner Schule","https://bionetz.ch/adressen/detailhandel/bio-fachgeschaefte/laden-an-der-rsteiner-schule.html","Schützengasse 54, 2502 Biel/Bienne","+41 32 342 61 28","null"
"1615370404-187","https://bionetz.ch/adressen/detailhandel/bio-fachgeschaefte/page1.html","2","https://bionetz.ch/adressen/detailhandel/bio-fachgeschaefte/page2.html","ArteBio","https://bionetz.ch/adressen/detailhandel/bio-fachgeschaefte/artebio.html","Av. de Riant-Mont 2, 1004 Lausanne","+41 21 311 22 33","null"
"1615370415-190","https://bionetz.ch/adressen/detailhandel/bio-fachgeschaefte/page1.html","2","https://bionetz.ch/adressen/detailhandel/bio-fachgeschaefte/page2.html","Andermatt Andreas","https://bionetz.ch/adressen/detailhandel/bio-fachgeschaefte/andermatt-andreas.html","Paradies, 9323 Steinach","+41 71 845 32 29","null"
"1615369894-43","https://bionetz.ch/adressen/detailhandel/bio-fachgeschaefte/page1.html","5","https://bionetz.ch/adressen/detailhandel/bio-fachgeschaefte/page5.html","Rudolf Steiner Schule Sihlau /Laden","https://bionetz.ch/adressen/detailhandel/bio-fachgeschaefte/rudolf-steiner-schule-sihlau-laden.html","Sihlstrasse 23, 8134 Adliswil","+41 44 713 23 53","null"
"1615370008-75","https://bionetz.ch/adressen/detailhandel/bio-fachgeschaefte/page1.html","4","https://bionetz.ch/adressen/detailhandel/bio-fachgeschaefte/page4.html","Natur + Leben Centaurea","https://bionetz.ch/adressen/detailhandel/bio-fachgeschaefte/natur--leben-centaurea.html","Hauptstrasse 30, 9434 Au SG","+41 71 744 66 57","null"
"1615370408-188","https://bionetz.ch/adressen/detailhandel/bio-fachgeschaefte/page1.html","2","https://bionetz.ch/adressen/detailhandel/bio-fachgeschaefte/page2.html","Arco Bio-Laden","https://bionetz.ch/adressen/detailhandel/bio-fachgeschaefte/arco-bio-laden.html","Obere Stallstrasse 2, 7430 Thusis","+41 81 655 25 65","null"
"1615369756-3","https://bionetz.ch/adressen/detailhandel/bio-fachgeschaefte/page1.html","5","https://bionetz.ch/adressen/detailhandel/bio-fachgeschaefte/page5.html","Yardo Partner","https://bionetz.ch/adressen/detailhandel/bio-fachgeschaefte/yardo-partner.html","Centro 6, 8754 Netstal","+41 55 640 32 33","null"
"1615370136-111","https://bionetz.ch/adressen/detailhandel/bio-fachgeschaefte/page1.html","3","https://bionetz.ch/adressen/detailhandel/bio-fachgeschaefte/page3.html","Gmüesgarten Schirmensee","https://bionetz.ch/adressen/detailhandel/bio-fachgeschaefte/gmueesgarten-schirmensee.html","Bahnhofstrasse 2, 8714 Feldbach","+41 55 244 24 30","null"
"1615370109-103","https://bionetz.ch/adressen/detailhandel/bio-fachgeschaefte/page1.html","3","https://bionetz.ch/adressen/detailhandel/bio-fachgeschaefte/page3.html","Kornblume","https://bionetz.ch/adressen/detailhandel/bio-fachgeschaefte/kornblume.html","Wiesenstrasse 10, 4900 Langenthal","+41 62 922 75 58","null"
"1615370147-114","https://bionetz.ch/adressen/detailhandel/bio-fachgeschaefte/page1.html","3","https://bionetz.ch/adressen/detailhandel/bio-fachgeschaefte/page3.html","Genossenschaft Hand in Hand","https://bionetz.ch/adressen/detailhandel/bio-fachgeschaefte/genossenschaft-hand-in-hand.html","Hauptstrasse 25, 6170 Schüpfheim","+41 41 484 20 40","null"
"1615370418-191","https://bionetz.ch/adressen/detailhandel/bio-fachgeschaefte/page1.html","2","https://bionetz.ch/adressen/detailhandel/bio-fachgeschaefte/page2.html","Andeerer Sennerei","https://bionetz.ch/adressen/detailhandel/bio-fachgeschaefte/andeerer-sennerei.html","Sennerei, 7440 Andeer","+41 81 661 13 15","null"
"1615370133-110","https://bionetz.ch/adressen/detailhandel/bio-fachgeschaefte/page1.html","3","https://bionetz.ch/adressen/detailhandel/bio-fachgeschaefte/page3.html","Gsund & Gnuss","https://bionetz.ch/adressen/detailhandel/bio-fachgeschaefte/gsund-a-gnuss.html","Kreuzgasse 15, 3076 Worb","+41 31 311 07 07","null"
"1615370230-138","https://bionetz.ch/adressen/detailhandel/bio-fachgeschaefte/page1.html","3","https://bionetz.ch/adressen/detailhandel/bio-fachgeschaefte/page3.html","Chäslaube M. Kündig","https://bionetz.ch/adressen/detailhandel/bio-fachgeschaefte/chaeslaube-m-kuendig.html","Am Marktplatz, 9400 Rorschach","+41 71 841 17 75","null"
"1615370199-129","https://bionetz.ch/adressen/detailhandel/bio-fachgeschaefte/page1.html","3","https://bionetz.ch/adressen/detailhandel/bio-fachgeschaefte/page3.html","Egli Christoffel","https://bionetz.ch/adressen/detailhandel/bio-fachgeschaefte/egli-christoffel.html","Im Bahnhof, 3011 Bern","+41 31 311 56 11","null"
"1615369867-35","https://bionetz.ch/adressen/detailhandel/bio-fachgeschaefte/page1.html","5","https://bionetz.ch/adressen/detailhandel/bio-fachgeschaefte/page5.html","Schüüre","https://bionetz.ch/adressen/detailhandel/bio-fachgeschaefte/schueuere.html","Waldeck 95, 4204 Himmelried","+41 61 741 11 38","null"
"1615370188-126","https://bionetz.ch/adressen/detailhandel/bio-fachgeschaefte/page1.html","3","https://bionetz.ch/adressen/detailhandel/bio-fachgeschaefte/page3.html","Egli Plaza","https://bionetz.ch/adressen/detailhandel/bio-fachgeschaefte/egli-plaza.html","Im Bahnhof, 8001 Zürich","+41 44 212 46 07","null"
"1615370050-87","https://bionetz.ch/adressen/detailhandel/bio-fachgeschaefte/page1.html","4","https://bionetz.ch/adressen/detailhandel/bio-fachgeschaefte/page4.html","Le Relais de la Nature","https://bionetz.ch/adressen/detailhandel/bio-fachgeschaefte/le-relais-de-la-nature.html","Place de l'Octroi 10, 1228 Carouge","+41 22 342 96 21","null"
"1615370043-85","https://bionetz.ch/adressen/detailhandel/bio-fachgeschaefte/page1.html","4","https://bionetz.ch/adressen/detailhandel/bio-fachgeschaefte/page4.html","LOLA","https://bionetz.ch/adressen/detailhandel/bio-fachgeschaefte/lola.html","Lorrainestrasse 27, 3013 Bern","031 332 00 22","null"
"1615369801-16","https://bionetz.ch/adressen/detailhandel/bio-fachgeschaefte/page1.html","5","https://bionetz.ch/adressen/detailhandel/bio-fachgeschaefte/page5.html","Verse","https://bionetz.ch/adressen/detailhandel/bio-fachgeschaefte/verse.html","Nidaugasse 14, 2502 Biel/Bienne","+41 32 323 76 23","null"
"1615370032-82","https://bionetz.ch/adressen/detailhandel/bio-fachgeschaefte/page1.html","4","https://bionetz.ch/adressen/detailhandel/bio-fachgeschaefte/page4.html","Marché-Bio Kalt","https://bionetz.ch/adressen/detailhandel/bio-fachgeschaefte/marche-bio-kalt.html","Les eterpis 2, 1124 Gollion","+41 21 861 11 81","null"
"1615370356-173","https://bionetz.ch/adressen/detailhandel/bio-fachgeschaefte/page1.html","2","https://bionetz.ch/adressen/detailhandel/bio-fachgeschaefte/page2.html","Bio im Zentrum","https://bionetz.ch/adressen/detailhandel/bio-fachgeschaefte/bio-im-zentrum.html","Uitikonerstrasse 9, 8952 Schlieren","+41 44 730 82 70","null"
"1615369874-37","https://bionetz.ch/adressen/detailhandel/bio-fachgeschaefte/page1.html","5","https://bionetz.ch/adressen/detailhandel/bio-fachgeschaefte/page5.html","Schlössli-Laden","https://bionetz.ch/adressen/detailhandel/bio-fachgeschaefte/schloessli-laden.html","Kirchrain 15, 3232 Ins","+41 32 313 11 09","null"
"1615369783-11","https://bionetz.ch/adressen/detailhandel/bio-fachgeschaefte/page1.html","5","https://bionetz.ch/adressen/detailhandel/bio-fachgeschaefte/page5.html","Vital Punkt GmbH","https://bionetz.ch/adressen/detailhandel/bio-fachgeschaefte/vital-punkt-gmbh.html","St. Leonhardstrasse 33, 9000 St. Gallen","+41 71 226 11 55","null"
"1615370377-179","https://bionetz.ch/adressen/detailhandel/bio-fachgeschaefte/page1.html","2","https://bionetz.ch/adressen/detailhandel/bio-fachgeschaefte/page2.html","Becke-Martin Frischprodukte","https://bionetz.ch/adressen/detailhandel/bio-fachgeschaefte/becke-martin-frischprodukte.html","Kirchgasse 7c, 4402 Frenkendorf","+41 61 901 62 36","null"
"1615370067-92","https://bionetz.ch/adressen/detailhandel/bio-fachgeschaefte/page1.html","4","https://bionetz.ch/adressen/detailhandel/bio-fachgeschaefte/page4.html","Le Chat Noir","https://bionetz.ch/adressen/detailhandel/bio-fachgeschaefte/le-chat-noir.html","null","+41 26 673 23 65","null"
"1615370223-136","https://bionetz.ch/adressen/detailhandel/bio-fachgeschaefte/page1.html","3","https://bionetz.ch/adressen/detailhandel/bio-fachgeschaefte/page3.html","Christen","https://bionetz.ch/adressen/detailhandel/bio-fachgeschaefte/christen.html","Teufenerstrasse 145, 9012 St. Gallen","+41 71 277 84 12","null"
"1615370174-122","https://bionetz.ch/adressen/detailhandel/bio-fachgeschaefte/page1.html","3","https://bionetz.ch/adressen/detailhandel/bio-fachgeschaefte/page3.html","Fischermätteli - Lade","https://bionetz.ch/adressen/detailhandel/bio-fachgeschaefte/fischermaetteli-lade.html","Weissensteinstrasse 29a, 3008 Bern","+41 31 371 77 59","null"
"1615369821-22","https://bionetz.ch/adressen/detailhandel/bio-fachgeschaefte/page1.html","5","https://bionetz.ch/adressen/detailhandel/bio-fachgeschaefte/page5.html","Terra Bio","https://bionetz.ch/adressen/detailhandel/bio-fachgeschaefte/terra-bio.html","Bahnhofstrasse 17, 8708 Männedorf","+41 44 920 50 44","null"
"1615369832-25","https://bionetz.ch/adressen/detailhandel/bio-fachgeschaefte/page1.html","5","https://bionetz.ch/adressen/detailhandel/bio-fachgeschaefte/page5.html","Stedtli-Lade","https://bionetz.ch/adressen/detailhandel/bio-fachgeschaefte/stedtli-lade.html","Rathausstrasse 31, 4410 Liestal","+41 61 922 22 82","null"
"1615369852-31","https://bionetz.ch/adressen/detailhandel/bio-fachgeschaefte/page1.html","5","https://bionetz.ch/adressen/detailhandel/bio-fachgeschaefte/page5.html","SOLBIO","https://bionetz.ch/adressen/detailhandel/bio-fachgeschaefte/solbio.html","Halles 13, 2000 Neuchâtel","+41 32 724 46 14","null"
"1615370366-176","https://bionetz.ch/adressen/detailhandel/bio-fachgeschaefte/page1.html","2","https://bionetz.ch/adressen/detailhandel/bio-fachgeschaefte/page2.html","BIO Betschla reform","https://bionetz.ch/adressen/detailhandel/bio-fachgeschaefte/bio-betschla-reform.html","Stradun 335, 7550 Scuol","+41 81 864 73 74","null"
"1615370315-161","https://bionetz.ch/adressen/detailhandel/bio-fachgeschaefte/page1.html","2","https://bionetz.ch/adressen/detailhandel/bio-fachgeschaefte/page2.html","Bio-Source","https://bionetz.ch/adressen/detailhandel/bio-fachgeschaefte/bio-source.html","Rue de Gibraltar 20, 2000 Neuchâtel","+41 32 725 14 13","null"
"1615369939-55","https://bionetz.ch/adressen/detailhandel/bio-fachgeschaefte/page1.html","4","https://bionetz.ch/adressen/detailhandel/bio-fachgeschaefte/page4.html","oka superfoods","https://bionetz.ch/adressen/detailhandel/bio-fachgeschaefte/oka-superfoods.html","Obertor 7, 8400 Winterthur","0798981939","null"
"1615369967-63","https://bionetz.ch/adressen/detailhandel/bio-fachgeschaefte/page1.html","4","https://bionetz.ch/adressen/detailhandel/bio-fachgeschaefte/page4.html","Negozio da mont","https://bionetz.ch/adressen/detailhandel/bio-fachgeschaefte/negozio-da-mont.html","Ces, 6747 Chironico","null","null"
"1615369953-59","https://bionetz.ch/adressen/detailhandel/bio-fachgeschaefte/page1.html","4","https://bionetz.ch/adressen/detailhandel/bio-fachgeschaefte/page4.html","Oase - Laden & Bistro","https://bionetz.ch/adressen/detailhandel/bio-fachgeschaefte/oase-laden-a-bistro.html","Dorfstrasse 45, 8630 Rüti ZH","+41 55 260 20 06","null"
"1615370157-117","https://bionetz.ch/adressen/detailhandel/bio-fachgeschaefte/page1.html","3","https://bionetz.ch/adressen/detailhandel/bio-fachgeschaefte/page3.html","Gänterli Bio Laden","https://bionetz.ch/adressen/detailhandel/bio-fachgeschaefte/gaenterli-bio-laden.html","St. Urbangasse 59, 4500 Solothurn","+41 32 622 22 46","null"
"1615370106-102","https://bionetz.ch/adressen/detailhandel/bio-fachgeschaefte/page1.html","3","https://bionetz.ch/adressen/detailhandel/bio-fachgeschaefte/page3.html","L'Ultimo Bacio","https://bionetz.ch/adressen/detailhandel/bio-fachgeschaefte/lultimo-bacio.html","Nordstrasse 227, 8037 Zürich","+41 44 272 00 55","null"
"1615370212-133","https://bionetz.ch/adressen/detailhandel/bio-fachgeschaefte/page1.html","3","https://bionetz.ch/adressen/detailhandel/bio-fachgeschaefte/page3.html","de Blacke Chrömer","https://bionetz.ch/adressen/detailhandel/bio-fachgeschaefte/de-blacke-chroemer.html","Marktgasse 3, 9050 Appenzell","+41 71 787 19 43","null"
"1615369980-67","https://bionetz.ch/adressen/detailhandel/bio-fachgeschaefte/page1.html","4","https://bionetz.ch/adressen/detailhandel/bio-fachgeschaefte/page4.html","Natürli GmbH","https://bionetz.ch/adressen/detailhandel/bio-fachgeschaefte/natuerli-gmbh.html","Hauptstrasse 5, 9320 Arbon","+41 71 440 37 38","null"
"1615370060-90","https://bionetz.ch/adressen/detailhandel/bio-fachgeschaefte/page1.html","4","https://bionetz.ch/adressen/detailhandel/bio-fachgeschaefte/page4.html","Le Panier Bio","https://bionetz.ch/adressen/detailhandel/bio-fachgeschaefte/le-panier-bio.html","60 Route de Thonon, 1222 Vésenaz","+41 22 772 02 01","null"
"1615370130-109","https://bionetz.ch/adressen/detailhandel/bio-fachgeschaefte/page1.html","3","https://bionetz.ch/adressen/detailhandel/bio-fachgeschaefte/page3.html","Gsund & Guet","https://bionetz.ch/adressen/detailhandel/bio-fachgeschaefte/gsund-a-guet.html","Plattenstrasse 26, 5712 Beinwil am See","null","null"
"1615370126-108","https://bionetz.ch/adressen/detailhandel/bio-fachgeschaefte/page1.html","3","https://bionetz.ch/adressen/detailhandel/bio-fachgeschaefte/page3.html","Gsund und Guet Laden","https://bionetz.ch/adressen/detailhandel/bio-fachgeschaefte/gsund-und-guet-laden.html","Hauptstrasse 19, 4133 Pratteln","+41 61 826 91 52","null"
"1615369845-29","https://bionetz.ch/adressen/detailhandel/bio-fachgeschaefte/page1.html","5","https://bionetz.ch/adressen/detailhandel/bio-fachgeschaefte/page5.html","Sonnhalde Gempen","https://bionetz.ch/adressen/detailhandel/bio-fachgeschaefte/sonnhalde-gempen.html","Haglenweg 13, 4145 Gempen","+41 61 706 80 77","null"
"1615370289-154","https://bionetz.ch/adressen/detailhandel/bio-fachgeschaefte/page1.html","2","https://bionetz.ch/adressen/detailhandel/bio-fachgeschaefte/page2.html","BIONAT","https://bionetz.ch/adressen/detailhandel/bio-fachgeschaefte/bionat.html","Werdstrasse 18, 9410 Heiden","+41 71 890 00 77","null"
"1615369887-41","https://bionetz.ch/adressen/detailhandel/bio-fachgeschaefte/page1.html","5","https://bionetz.ch/adressen/detailhandel/bio-fachgeschaefte/page5.html","s' Radiesli","https://bionetz.ch/adressen/detailhandel/bio-fachgeschaefte/s-radiesli.html","Alte Simplonstrasse 7, 3900 Brig","+41 27 923 04 24","null"
"1615370384-181","https://bionetz.ch/adressen/detailhandel/bio-fachgeschaefte/page1.html","2","https://bionetz.ch/adressen/detailhandel/bio-fachgeschaefte/page2.html","Aux saveurs des alpes","https://bionetz.ch/adressen/detailhandel/bio-fachgeschaefte/aux-saveurs-des-alpes.html","Rte du Rhône 12, 1963 Vétroz","+41 27 345 39 39","null"
"1615370153-116","https://bionetz.ch/adressen/detailhandel/bio-fachgeschaefte/page1.html","3","https://bionetz.ch/adressen/detailhandel/bio-fachgeschaefte/page3.html","Garte-Chuchi","https://bionetz.ch/adressen/detailhandel/bio-fachgeschaefte/garte-chuchi.html","Lützelflühstrasse 17, 3452 Grünenmatt","+41 34 431 30 60","null"
"1615370184-125","https://bionetz.ch/adressen/detailhandel/bio-fachgeschaefte/page1.html","3","https://bionetz.ch/adressen/detailhandel/bio-fachgeschaefte/page3.html","Egli Stauffachertor","https://bionetz.ch/adressen/detailhandel/bio-fachgeschaefte/egli-stauffachertor.html","Badenerstrasse 9, 8004 Zürich","+41 44 242 40 13","null"
"1615370081-95","https://bionetz.ch/adressen/detailhandel/bio-fachgeschaefte/page1.html","3","https://bionetz.ch/adressen/detailhandel/bio-fachgeschaefte/page3.html","Laden 29","https://bionetz.ch/adressen/detailhandel/bio-fachgeschaefte/laden-29.html","Zeughausplatz 29, 4410 Liestal","+41 61 922 11 74","null"
"1615370216-134","https://bionetz.ch/adressen/detailhandel/bio-fachgeschaefte/page1.html","3","https://bionetz.ch/adressen/detailhandel/bio-fachgeschaefte/page3.html","D et A diffusion Sarl","https://bionetz.ch/adressen/detailhandel/bio-fachgeschaefte/d-et-a-diffusion-sarl.html","Pierre Péquignat 16, 2854 Bassecourt","+41 32 423 63 10","null"
"1615369949-58","https://bionetz.ch/adressen/detailhandel/bio-fachgeschaefte/page1.html","4","https://bionetz.ch/adressen/detailhandel/bio-fachgeschaefte/page4.html","Oasis Santé","https://bionetz.ch/adressen/detailhandel/bio-fachgeschaefte/oasis-sante.html","Rue Dr. Schwab 14, 2610 St-Imier","+41 32 941 44 51","null"
"1615370346-170","https://bionetz.ch/adressen/detailhandel/bio-fachgeschaefte/page1.html","2","https://bionetz.ch/adressen/detailhandel/bio-fachgeschaefte/page2.html","Bio Market","https://bionetz.ch/adressen/detailhandel/bio-fachgeschaefte/bio-market.html","Via Lavizzari 7 b, 6900 Lugano","+41 91 921 14 34","null"
"1615370422-192","https://bionetz.ch/adressen/detailhandel/bio-fachgeschaefte/page1.html","2","https://bionetz.ch/adressen/detailhandel/bio-fachgeschaefte/page2.html","Amaltheia bioreform","https://bionetz.ch/adressen/detailhandel/bio-fachgeschaefte/tokala-bioladen.html","Bankweg 51 A, 5610 Wohlen AG","+41 56 426 41 74","null"
"1615370311-160","https://bionetz.ch/adressen/detailhandel/bio-fachgeschaefte/page1.html","2","https://bionetz.ch/adressen/detailhandel/bio-fachgeschaefte/page2.html","biofair Genossenschaft","https://bionetz.ch/adressen/detailhandel/bio-fachgeschaefte/biofair-genossenschaft.html","Dorfwisenstrasse 14, 8165 Schoefflisdorf","+41 44 856 18 94","null"
"1615370036-83","https://bionetz.ch/adressen/detailhandel/bio-fachgeschaefte/page1.html","4","https://bionetz.ch/adressen/detailhandel/bio-fachgeschaefte/page4.html","Marché ""main dans la main""","https://bionetz.ch/adressen/detailhandel/bio-fachgeschaefte/marche-qmain-dans-la-mainq.html","La Chaussé, 1174 Montherod","+41 21 808 67 44","null"
"1615369776-9","https://bionetz.ch/adressen/detailhandel/bio-fachgeschaefte/page1.html","5","https://bionetz.ch/adressen/detailhandel/bio-fachgeschaefte/page5.html","vitus","https://bionetz.ch/adressen/detailhandel/bio-fachgeschaefte/vitus.html","Ankengasse 7, 8001 Zürich","+41 44 262 31 62","null"
"1615369987-69","https://bionetz.ch/adressen/detailhandel/bio-fachgeschaefte/page1.html","4","https://bionetz.ch/adressen/detailhandel/bio-fachgeschaefte/page4.html","Naturlädäli","https://bionetz.ch/adressen/detailhandel/bio-fachgeschaefte/naturlaedaeli.html","Spielhof 9, 8750 Glarus","+41 55 640 66 09","null"
"1615370070-93","https://bionetz.ch/adressen/detailhandel/bio-fachgeschaefte/page1.html","4","https://bionetz.ch/adressen/detailhandel/bio-fachgeschaefte/page4.html","Lamaventura","https://bionetz.ch/adressen/detailhandel/bio-fachgeschaefte/lamaventura.html","Reits 311a, 7173 Surrein","+41 81 943 33 72","null"
"1615369970-64","https://bionetz.ch/adressen/detailhandel/bio-fachgeschaefte/page1.html","4","https://bionetz.ch/adressen/detailhandel/bio-fachgeschaefte/page4.html","Naturprodukte zum Sunneliecht","https://bionetz.ch/adressen/detailhandel/bio-fachgeschaefte/naturprodukte-zum-sunneliecht.html","Froburgstrasse 3, 8194 Huentwangen","+41 44 869 05 73","null"
"1615369881-39","https://bionetz.ch/adressen/detailhandel/bio-fachgeschaefte/page1.html","5","https://bionetz.ch/adressen/detailhandel/bio-fachgeschaefte/page5.html","sahara Greenshop","https://bionetz.ch/adressen/detailhandel/bio-fachgeschaefte/sahara-panda-laden.html","Aeschenvorstadt 4, 4051 Basel","+41 61 228 78 61","null"
"1615369797-15","https://bionetz.ch/adressen/detailhandel/bio-fachgeschaefte/page1.html","5","https://bionetz.ch/adressen/detailhandel/bio-fachgeschaefte/page5.html","Vier Jahreszyte","https://bionetz.ch/adressen/detailhandel/bio-fachgeschaefte/vier-jahreszyte.html","Untergass 15, 8193 Eglisau","+41 44 867 12 50","null"
"1615370026-80","https://bionetz.ch/adressen/detailhandel/bio-fachgeschaefte/page1.html","4","https://bionetz.ch/adressen/detailhandel/bio-fachgeschaefte/page4.html","Martinslade","https://bionetz.ch/adressen/detailhandel/bio-fachgeschaefte/martinslade.html","Luzernstrasse 94, 6102 Malters","+41 41 497 36 30","null"
"1615369763-5","https://bionetz.ch/adressen/detailhandel/bio-fachgeschaefte/page1.html","5","https://bionetz.ch/adressen/detailhandel/bio-fachgeschaefte/page5.html","Werk- und Wohnhaus zur Weid","https://bionetz.ch/adressen/detailhandel/bio-fachgeschaefte/werk-und-wohnhaus-zur-weid.html","Rossau, 8932 Mettmenstetten","+41 44 768 50 84","null"
"1615369748-1","https://bionetz.ch/adressen/detailhandel/bio-fachgeschaefte/page1.html","5","https://bionetz.ch/adressen/detailhandel/bio-fachgeschaefte/page5.html","Zum Kleeblatt - Biologisches und mehr","https://bionetz.ch/adressen/detailhandel/bio-fachgeschaefte/zum-kleeblatt-biologisches-und-mehr.html","Holeestrasse 158, 4054 Basel","+41 61 301 49 56","null"
"1615369991-70","https://bionetz.ch/adressen/detailhandel/bio-fachgeschaefte/page1.html","4","https://bionetz.ch/adressen/detailhandel/bio-fachgeschaefte/page4.html","Naturellement Vôtre","https://bionetz.ch/adressen/detailhandel/bio-fachgeschaefte/naturellement-votre.html","Rue des Rottes 26, 1964 Conthey","+41 27 306 18 00","null"
"1615370011-76","https://bionetz.ch/adressen/detailhandel/bio-fachgeschaefte/page1.html","4","https://bionetz.ch/adressen/detailhandel/bio-fachgeschaefte/page4.html","Müller Edy","https://bionetz.ch/adressen/detailhandel/bio-fachgeschaefte/mueller-edy.html","Grüningerstrasse 147, 8626 Ottikon","+41 44 935 43 29","null"
"1615370116-105","https://bionetz.ch/adressen/detailhandel/bio-fachgeschaefte/page1.html","3","https://bionetz.ch/adressen/detailhandel/bio-fachgeschaefte/page3.html","Kaufmann Jakob","https://bionetz.ch/adressen/detailhandel/bio-fachgeschaefte/kaufmann-jakob.html","Oberfeld, 6275 Ballwil","+41 41 910 50 04","null"
"1615370363-175","https://bionetz.ch/adressen/detailhandel/bio-fachgeschaefte/page1.html","2","https://bionetz.ch/adressen/detailhandel/bio-fachgeschaefte/page2.html","Bio Biasca","https://bionetz.ch/adressen/detailhandel/bio-fachgeschaefte/bio-biasca.html","Via Lucomagno 12, 6710 Biasca","+41 91 862 36 86","null"
"1615370318-162","https://bionetz.ch/adressen/detailhandel/bio-fachgeschaefte/page1.html","2","https://bionetz.ch/adressen/detailhandel/bio-fachgeschaefte/page2.html","Bio-Märt Fricktal","https://bionetz.ch/adressen/detailhandel/bio-fachgeschaefte/bio-maert-fricktal.html","Schaufelgasse 34, 4313 Möhlin","+41 61 851 34 16","null"
"1615370056-89","https://bionetz.ch/adressen/detailhandel/bio-fachgeschaefte/page1.html","4","https://bionetz.ch/adressen/detailhandel/bio-fachgeschaefte/page4.html","Le petit Paradis","https://bionetz.ch/adressen/detailhandel/bio-fachgeschaefte/le-petit-paradis.html","Résidence - Equestre10, 1746 Prez-vers-Noréaz","+41 26 323 32 80","null"
"1615370261-146","https://bionetz.ch/adressen/detailhandel/bio-fachgeschaefte/page1.html","2","https://bionetz.ch/adressen/detailhandel/bio-fachgeschaefte/page2.html","Birena","https://bionetz.ch/adressen/detailhandel/bio-fachgeschaefte/birena.html","Freiburgstrasse 1, 3150 Schwarzenburg","079 706 33 71","null"
"1615370099-100","https://bionetz.ch/adressen/detailhandel/bio-fachgeschaefte/page1.html","3","https://bionetz.ch/adressen/detailhandel/bio-fachgeschaefte/page3.html","L'ULTIMO BACIO Rheinfelden GmbH","https://bionetz.ch/adressen/detailhandel/bio-fachgeschaefte/zum-nektar-gmbh.html","Obertorplatz 7, 4310 Rheinfelden","+41 61 831 00 33","null"
"1615370353-172","https://bionetz.ch/adressen/detailhandel/bio-fachgeschaefte/page1.html","2","https://bionetz.ch/adressen/detailhandel/bio-fachgeschaefte/page2.html","Bio Imkerladen","https://bionetz.ch/adressen/detailhandel/bio-fachgeschaefte/bio-imkerladen.html","Berkenstrasse 9, 3373 Heimenhausen","+41 62 961 64 20","null"
"1615370001-73","https://bionetz.ch/adressen/detailhandel/bio-fachgeschaefte/page1.html","4","https://bionetz.ch/adressen/detailhandel/bio-fachgeschaefte/page4.html","Naturade","https://bionetz.ch/adressen/detailhandel/bio-fachgeschaefte/naturade.html","l'Abbaye 108, 2906 Chevenez","+41 32 476 68 07","null"
"1615370123-107","https://bionetz.ch/adressen/detailhandel/bio-fachgeschaefte/page1.html","3","https://bionetz.ch/adressen/detailhandel/bio-fachgeschaefte/page3.html","Hildegard- Laden","https://bionetz.ch/adressen/detailhandel/bio-fachgeschaefte/hildegard-laden.html","Pestalozzistrasse 10, 8865 Bilten","+41 55 615 46 08","null"
"1615369891-42","https://bionetz.ch/adressen/detailhandel/bio-fachgeschaefte/page1.html","5","https://bionetz.ch/adressen/detailhandel/bio-fachgeschaefte/page5.html","Rüttihubelbad AG","https://bionetz.ch/adressen/detailhandel/bio-fachgeschaefte/ruettihubelbad-ag.html","null","+41 31 700 87 37","null"
"1615369912-47","https://bionetz.ch/adressen/detailhandel/bio-fachgeschaefte/page1.html","4","https://bionetz.ch/adressen/detailhandel/bio-fachgeschaefte/page4.html","Punkt Wil","https://bionetz.ch/adressen/detailhandel/bio-fachgeschaefte/punkt-wil.html","Marktgasse 38, 9500 Wil SG","+41 71 911 66 77","null"
"1615369815-20","https://bionetz.ch/adressen/detailhandel/bio-fachgeschaefte/page1.html","5","https://bionetz.ch/adressen/detailhandel/bio-fachgeschaefte/page5.html","TOR 14","https://bionetz.ch/adressen/detailhandel/bio-fachgeschaefte/tor-14.html","Bäckerstrasse 52, 8026 Zürich","+41 43 321 32 49","null"
"1615370226-137","https://bionetz.ch/adressen/detailhandel/bio-fachgeschaefte/page1.html","3","https://bionetz.ch/adressen/detailhandel/bio-fachgeschaefte/page3.html","Chornlade","https://bionetz.ch/adressen/detailhandel/bio-fachgeschaefte/chornlade.html","Fierzgasse 16, 8005 Zürich","+41 44 271 70 97","www.chornlade.ch"
"1615370397-185","https://bionetz.ch/adressen/detailhandel/bio-fachgeschaefte/page1.html","2","https://bionetz.ch/adressen/detailhandel/bio-fachgeschaefte/page2.html","Atelier Spinnler","https://bionetz.ch/adressen/detailhandel/bio-fachgeschaefte/atelier-spinnler.html","Hauptstrasse 47, 4654 Lostorf","+41 62 298 22 03","null"
"1615369790-13","https://bionetz.ch/adressen/detailhandel/bio-fachgeschaefte/page1.html","5","https://bionetz.ch/adressen/detailhandel/bio-fachgeschaefte/page5.html","Vital Laden im Speisehaus","https://bionetz.ch/adressen/detailhandel/bio-fachgeschaefte/vital-laden-im-speisehaus.html","Dorneckstrasse 2, 4143 Dornach","+41 61 706 85 10","null"
"1615369943-56","https://bionetz.ch/adressen/detailhandel/bio-fachgeschaefte/page1.html","4","https://bionetz.ch/adressen/detailhandel/bio-fachgeschaefte/page4.html","Ojo De Agua","https://bionetz.ch/adressen/detailhandel/bio-fachgeschaefte/ojo-de-agua.html","Oetenbachgasse 13, 8001 Zürich","+41 44 210 47 02","null"
"1615370195-128","https://bionetz.ch/adressen/detailhandel/bio-fachgeschaefte/page1.html","3","https://bionetz.ch/adressen/detailhandel/bio-fachgeschaefte/page3.html","Egli Jona","https://bionetz.ch/adressen/detailhandel/bio-fachgeschaefte/egli-jona.html","Molkereistrasse 16, 8645 Jona","+41 55 212 61 66","null"
"1615369905-45","https://bionetz.ch/adressen/detailhandel/bio-fachgeschaefte/page1.html","4","https://bionetz.ch/adressen/detailhandel/bio-fachgeschaefte/page4.html","Q-Laden","https://bionetz.ch/adressen/detailhandel/bio-fachgeschaefte/q-laden.html","Quartierhof 1, 3013 Bern","+41 31 331 66 67","null"
"1615370150-115","https://bionetz.ch/adressen/detailhandel/bio-fachgeschaefte/page1.html","3","https://bionetz.ch/adressen/detailhandel/bio-fachgeschaefte/page3.html","Gartenbauschule Hünibach","https://bionetz.ch/adressen/detailhandel/bio-fachgeschaefte/gartenbauschule-huenibach.html","Chartreusestrasse 7, 3626 Hünibach","+41 33 244 10 21","null"
"1615369835-26","https://bionetz.ch/adressen/detailhandel/bio-fachgeschaefte/page1.html","5","https://bionetz.ch/adressen/detailhandel/bio-fachgeschaefte/page5.html","Städtlilade","https://bionetz.ch/adressen/detailhandel/bio-fachgeschaefte/staedtlilade.html","Städtchenstrasse 55, 7320 Sargans","+41 81 723 11 28","null"
"1615369838-27","https://bionetz.ch/adressen/detailhandel/bio-fachgeschaefte/page1.html","5","https://bionetz.ch/adressen/detailhandel/bio-fachgeschaefte/page5.html","Spycher Natur Laden","https://bionetz.ch/adressen/detailhandel/bio-fachgeschaefte/spycher-natur-laden.html","Engelbergstrasse 26, 6370 Stans","+41 41 610 72 70","null"
"1615369925-51","https://bionetz.ch/adressen/detailhandel/bio-fachgeschaefte/page1.html","4","https://bionetz.ch/adressen/detailhandel/bio-fachgeschaefte/page4.html","Plüss Bio Markt GmbH","https://bionetz.ch/adressen/detailhandel/bio-fachgeschaefte/viva-sarnen.html","Dorfplatz 6, 6060 Sarnen","+41 41 661 18 92","null"
"1615370411-189","https://bionetz.ch/adressen/detailhandel/bio-fachgeschaefte/page1.html","2","https://bionetz.ch/adressen/detailhandel/bio-fachgeschaefte/page2.html","Angolo della Natura","https://bionetz.ch/adressen/detailhandel/bio-fachgeschaefte/angolo-della-natura.html","Viale della Stazione, 7742 Poschiavo","+41 81 844 08 83","null"
"1615370236-140","https://bionetz.ch/adressen/detailhandel/bio-fachgeschaefte/page1.html","3","https://bionetz.ch/adressen/detailhandel/bio-fachgeschaefte/page3.html","Cérès ""autrement""","https://bionetz.ch/adressen/detailhandel/bio-fachgeschaefte/ceres-qautrementq.html","Place des Halles 5, 2000 Neuchatel","+41 32 725 26 37","null"
"1615369770-7","https://bionetz.ch/adressen/detailhandel/bio-fachgeschaefte/page1.html","5","https://bionetz.ch/adressen/detailhandel/bio-fachgeschaefte/page5.html","Votre Santé","https://bionetz.ch/adressen/detailhandel/bio-fachgeschaefte/votre-sante.html","28, Bd Carl-Vogt, 1205 Genève","+41 22 321 69 58","null"
"1615369766-6","https://bionetz.ch/adressen/detailhandel/bio-fachgeschaefte/page1.html","5","https://bionetz.ch/adressen/detailhandel/bio-fachgeschaefte/page5.html","Welt und Naturlada","https://bionetz.ch/adressen/detailhandel/bio-fachgeschaefte/welt-und-naturlada.html","Landstrasse 91, 9494 Schaan","null","null"
"1615370084-96","https://bionetz.ch/adressen/detailhandel/bio-fachgeschaefte/page1.html","3","https://bionetz.ch/adressen/detailhandel/bio-fachgeschaefte/page3.html","La Source","https://bionetz.ch/adressen/detailhandel/bio-fachgeschaefte/la-source.html","Place Centrale, 1936 Verbier","+41 27 771 22 87","null"
"1615370015-77","https://bionetz.ch/adressen/detailhandel/bio-fachgeschaefte/page1.html","4","https://bionetz.ch/adressen/detailhandel/bio-fachgeschaefte/page4.html","Mühlistübli / Berger Mühle","https://bionetz.ch/adressen/detailhandel/bio-fachgeschaefte/muehlistuebli--berger-muehle.html","Unterdorfstrasse 23, 3612 Steffisburg","+41 33 437 36 13","null"
"1615369860-33","https://bionetz.ch/adressen/detailhandel/bio-fachgeschaefte/page1.html","5","https://bionetz.ch/adressen/detailhandel/bio-fachgeschaefte/page5.html","Sesam Natura","https://bionetz.ch/adressen/detailhandel/bio-fachgeschaefte/sesam-natura.html","Bahnhofstrasse 99, 8620 Wetzikon ZH","+41 44 930 28 72","null"
"1615369963-62","https://bionetz.ch/adressen/detailhandel/bio-fachgeschaefte/page1.html","4","https://bionetz.ch/adressen/detailhandel/bio-fachgeschaefte/page4.html","Nektar Bioladen","https://bionetz.ch/adressen/detailhandel/bio-fachgeschaefte/nektar-bioladen.html","Luzernerstrasse 18, 6010 Kriens","+41 41 320 53 88","null"
"1615370240-141","https://bionetz.ch/adressen/detailhandel/bio-fachgeschaefte/page1.html","3","https://bionetz.ch/adressen/detailhandel/bio-fachgeschaefte/page3.html","Centaurea","https://bionetz.ch/adressen/detailhandel/bio-fachgeschaefte/centaurea.html","Hauptstrasse 30, 9434 Au SG","+41 71 744 66 57","null"
"1615370039-84","https://bionetz.ch/adressen/detailhandel/bio-fachgeschaefte/page1.html","4","https://bionetz.ch/adressen/detailhandel/bio-fachgeschaefte/page4.html","Magasin Cérès","https://bionetz.ch/adressen/detailhandel/bio-fachgeschaefte/magasin-ceres.html","Place du marché 4, 2300 La Chaux-de-Fonds","+41 32 913 35 94","null"
"1615370113-104","https://bionetz.ch/adressen/detailhandel/bio-fachgeschaefte/page1.html","3","https://bionetz.ch/adressen/detailhandel/bio-fachgeschaefte/page3.html","Kochtopf","https://bionetz.ch/adressen/detailhandel/bio-fachgeschaefte/kochtopf.html","Rathausplatz 5, 6210 Sursee","+41 41 921 54 52","null"
"1615370219-135","https://bionetz.ch/adressen/detailhandel/bio-fachgeschaefte/page1.html","3","https://bionetz.ch/adressen/detailhandel/bio-fachgeschaefte/page3.html","Christine Frei","https://bionetz.ch/adressen/detailhandel/bio-fachgeschaefte/christine-frei.html","Schwimmbadstrasse 7, 8213 Neunkirch","+41 52 681 22 80","null"
"1615369936-54","https://bionetz.ch/adressen/detailhandel/bio-fachgeschaefte/page1.html","4","https://bionetz.ch/adressen/detailhandel/bio-fachgeschaefte/page4.html","Paradies Dorflädeli","https://bionetz.ch/adressen/detailhandel/bio-fachgeschaefte/paradies-dorflaedeli.html","Breitlenweg 6, 8634 Hombrechtikon","+41 55 244 26 12","null"
"1615370209-132","https://bionetz.ch/adressen/detailhandel/bio-fachgeschaefte/page1.html","3","https://bionetz.ch/adressen/detailhandel/bio-fachgeschaefte/page3.html","Der Laden Biofachgeschäft","https://bionetz.ch/adressen/detailhandel/bio-fachgeschaefte/der-laden-biofachgeschaeft.html","Delsbergstrasse 24, 4242 Laufen","+41 61 763 09 41","null"
"1615370272-149","https://bionetz.ch/adressen/detailhandel/bio-fachgeschaefte/page1.html","2","https://bionetz.ch/adressen/detailhandel/bio-fachgeschaefte/page2.html","Biosfair","https://bionetz.ch/adressen/detailhandel/bio-fachgeschaefte/biosfair.html","Bahnhofstrasse 4, 8570 Weinfelden","+41 71 622 75 55","null"
"1615370164-119","https://bionetz.ch/adressen/detailhandel/bio-fachgeschaefte/page1.html","3","https://bionetz.ch/adressen/detailhandel/bio-fachgeschaefte/page3.html","Gaia Alimentation biologique","https://bionetz.ch/adressen/detailhandel/bio-fachgeschaefte/gaia-alimentation-biologique.html","2-4, rue Victor Tissot, 1630 Bulle","+41 26 912 99 20","null"
"1615370278-151","https://bionetz.ch/adressen/detailhandel/bio-fachgeschaefte/page1.html","2","https://bionetz.ch/adressen/detailhandel/bio-fachgeschaefte/page2.html","Bioprodukte Grünegg GmbH","https://bionetz.ch/adressen/detailhandel/bio-fachgeschaefte/bioprodukte-gruenegg-gmbh.html","Bellevuestrasse 2a, 6280 Hochdorf","+41 41 910 31 36","null"
"1615370268-148","https://bionetz.ch/adressen/detailhandel/bio-fachgeschaefte/page1.html","2","https://bionetz.ch/adressen/detailhandel/bio-fachgeschaefte/page2.html","BIOSFERA","https://bionetz.ch/adressen/detailhandel/bio-fachgeschaefte/biosfera.html","Via Bramantino 27, 6600 Locarno","+41 91 751 15 50","null"
"1615370029-81","https://bionetz.ch/adressen/detailhandel/bio-fachgeschaefte/page1.html","4","https://bionetz.ch/adressen/detailhandel/bio-fachgeschaefte/page4.html","Margrit Bugmann (Bärner Märit)","https://bionetz.ch/adressen/detailhandel/bio-fachgeschaefte/bugmann-margrit.html","Muristrasse 99, 3006 Bern","+41 31 371 43 36","null"
"1615370304-158","https://bionetz.ch/adressen/detailhandel/bio-fachgeschaefte/page1.html","2","https://bionetz.ch/adressen/detailhandel/bio-fachgeschaefte/page2.html","Bioladen Eichblatt","https://bionetz.ch/adressen/detailhandel/bio-fachgeschaefte/bioladen-eichblatt.html","St. Johanns-Vorstadt 70, 4056 Basel","+41 61 321 28 47","null"
"1615369842-28","https://bionetz.ch/adressen/detailhandel/bio-fachgeschaefte/page1.html","5","https://bionetz.ch/adressen/detailhandel/bio-fachgeschaefte/page5.html","Sonny Sport AG","https://bionetz.ch/adressen/detailhandel/bio-fachgeschaefte/sonny-sport-ag.html","brüggera, 1716 Schwarzsee","+41 26 412 13 51","null"
"1615370275-150","https://bionetz.ch/adressen/detailhandel/bio-fachgeschaefte/page1.html","2","https://bionetz.ch/adressen/detailhandel/bio-fachgeschaefte/page2.html","BioPunktBasel","https://bionetz.ch/adressen/detailhandel/bio-fachgeschaefte/biopunktbasel.html","Mülhauserstrasse 78, 4056 Basel","0615061716","null"
"1615370140-112","https://bionetz.ch/adressen/detailhandel/bio-fachgeschaefte/page1.html","3","https://bionetz.ch/adressen/detailhandel/bio-fachgeschaefte/page3.html","Gesundquelle Naturladen","https://bionetz.ch/adressen/detailhandel/bio-fachgeschaefte/gesundquelle-naturladen.html","Ob. Bahnhofstrasse 16, 3714 Frutigen","+41 33 671 38 02","null"
"1615370342-169","https://bionetz.ch/adressen/detailhandel/bio-fachgeschaefte/page1.html","2","https://bionetz.ch/adressen/detailhandel/bio-fachgeschaefte/page2.html","Bio Markt","https://bionetz.ch/adressen/detailhandel/bio-fachgeschaefte/bio-markt.html","Hubelweg 5, 1712 Tafers","+41 26 494 25 13","null"
"1615370373-178","https://bionetz.ch/adressen/detailhandel/bio-fachgeschaefte/page1.html","2","https://bionetz.ch/adressen/detailhandel/bio-fachgeschaefte/page2.html","Bidone","https://bionetz.ch/adressen/detailhandel/bio-fachgeschaefte/bidone.html","Hammerstrasse 21, 8008 Zürich","+41 44 382 35 11","null"
"1615369922-50","https://bionetz.ch/adressen/detailhandel/bio-fachgeschaefte/page1.html","4","https://bionetz.ch/adressen/detailhandel/bio-fachgeschaefte/page4.html","Prima Natura","https://bionetz.ch/adressen/detailhandel/bio-fachgeschaefte/prima-natura.html","Eisengasse 12, 6004 Luzern","+41 41 412 26 30","null"
"1615369973-65","https://bionetz.ch/adressen/detailhandel/bio-fachgeschaefte/page1.html","4","https://bionetz.ch/adressen/detailhandel/bio-fachgeschaefte/page4.html","NATÜRLICHmeyer","https://bionetz.ch/adressen/detailhandel/bio-fachgeschaefte/natuerlichmeyer.html","Strählgasse 23, 5413 Birmenstorf AG","+41 56 225 09 89","null"
"1615369956-60","https://bionetz.ch/adressen/detailhandel/bio-fachgeschaefte/page1.html","4","https://bionetz.ch/adressen/detailhandel/bio-fachgeschaefte/page4.html","Niione Natur","https://bionetz.ch/adressen/detailhandel/bio-fachgeschaefte/niione-natur.html","Alpenstrasse 15, 6304 Zug","+41 41 710 96 91","null"
"1615370095-99","https://bionetz.ch/adressen/detailhandel/bio-fachgeschaefte/page1.html","3","https://bionetz.ch/adressen/detailhandel/bio-fachgeschaefte/page3.html","L'Ultimo Bacio St.Gallen","https://bionetz.ch/adressen/detailhandel/bio-fachgeschaefte/l-ultimo-bacio-st-gallen.html","Poststrasse 14, 9000 St.Gallen","071 222 8300","null"
"1615370233-139","https://bionetz.ch/adressen/detailhandel/bio-fachgeschaefte/page1.html","3","https://bionetz.ch/adressen/detailhandel/bio-fachgeschaefte/page3.html","Ceres Nature","https://bionetz.ch/adressen/detailhandel/bio-fachgeschaefte/ceres-nature.html","Place du Manoir 12, 1223 Cologny","+41 22 736 13 82","null"
"1615369884-40","https://bionetz.ch/adressen/detailhandel/bio-fachgeschaefte/page1.html","5","https://bionetz.ch/adressen/detailhandel/bio-fachgeschaefte/page5.html","s'Lädeli","https://bionetz.ch/adressen/detailhandel/bio-fachgeschaefte/slaedeli.html","Ausserdorf 22, 8421 Dättlikon","+41 52 315 37 03","null"
"1615370391-183","https://bionetz.ch/adressen/detailhandel/bio-fachgeschaefte/page1.html","2","https://bionetz.ch/adressen/detailhandel/bio-fachgeschaefte/page2.html","AU FRIAND Sarl","https://bionetz.ch/adressen/detailhandel/bio-fachgeschaefte/au-friand-sarl.html","Faubourg de l'Hopital 1, 2000 Neuchâtel","+41 32 725 43 52","null"
"1615369908-46","https://bionetz.ch/adressen/detailhandel/bio-fachgeschaefte/page1.html","4","https://bionetz.ch/adressen/detailhandel/bio-fachgeschaefte/page4.html","purpur Biolädeli","https://bionetz.ch/adressen/detailhandel/bio-fachgeschaefte/reformhaus-blaser.html","Postgasse 2 / Höheweg, 3800 Interlaken","+41 33 822 19 28","null"
"1615370244-142","https://bionetz.ch/adressen/detailhandel/bio-fachgeschaefte/page1.html","3","https://bionetz.ch/adressen/detailhandel/bio-fachgeschaefte/page3.html","CC Bio Magasin","https://bionetz.ch/adressen/detailhandel/bio-fachgeschaefte/cc-bio-magasin.html","Grand rue 22, 2616 Renan BE","+41 32 963 15 25","null"
"1615370160-118","https://bionetz.ch/adressen/detailhandel/bio-fachgeschaefte/page1.html","3","https://bionetz.ch/adressen/detailhandel/bio-fachgeschaefte/page3.html","Gänterli","https://bionetz.ch/adressen/detailhandel/bio-fachgeschaefte/gaenterli.html","Vonmattstrasse 50, 6003 Luzern","+41 41 240 59 12","null"
"1615370063-91","https://bionetz.ch/adressen/detailhandel/bio-fachgeschaefte/page1.html","4","https://bionetz.ch/adressen/detailhandel/bio-fachgeschaefte/page4.html","Le Marché de Vie","https://bionetz.ch/adressen/detailhandel/bio-fachgeschaefte/le-marche-de-vie.html","25, rue des Eaux-Vives, 1207 Genève","+41 22 735 44 34","null"
"1615370339-168","https://bionetz.ch/adressen/detailhandel/bio-fachgeschaefte/page1.html","2","https://bionetz.ch/adressen/detailhandel/bio-fachgeschaefte/page2.html","Bio Markt Liestal","https://bionetz.ch/adressen/detailhandel/bio-fachgeschaefte/bio-markt-liestal.html","Hof Wil, 4437 Waldenburg","+41 61 961 81 87","null"
"1615369787-12","https://bionetz.ch/adressen/detailhandel/bio-fachgeschaefte/page1.html","5","https://bionetz.ch/adressen/detailhandel/bio-fachgeschaefte/page5.html","Vital Punkt Bahnhof GmbH","https://bionetz.ch/adressen/detailhandel/bio-fachgeschaefte/vital-punkt-bahnhof-gmbh.html","Bahnhofplatz 3, 9500 Wil SG","+41 71 911 30 55","null"
"1615370181-124","https://bionetz.ch/adressen/detailhandel/bio-fachgeschaefte/page1.html","3","https://bionetz.ch/adressen/detailhandel/bio-fachgeschaefte/page3.html","Egli Thun","https://bionetz.ch/adressen/detailhandel/bio-fachgeschaefte/egli-thun.html","Bälliz 31, 3600 Thun","+41 33 222 10 03","null"
"1615369984-68","https://bionetz.ch/adressen/detailhandel/bio-fachgeschaefte/page1.html","4","https://bionetz.ch/adressen/detailhandel/bio-fachgeschaefte/page4.html","Naturladen","https://bionetz.ch/adressen/detailhandel/bio-fachgeschaefte/naturladen.html","Haus Derby, 7050 Arosa","+41 81 377 50 50","null"
"1615370328-165","https://bionetz.ch/adressen/detailhandel/bio-fachgeschaefte/page1.html","2","https://bionetz.ch/adressen/detailhandel/bio-fachgeschaefte/page2.html","Bio-Ladä","https://bionetz.ch/adressen/detailhandel/bio-fachgeschaefte/bio-ladae.html","Schmiedenstrasse 12, 8840 Einsiedeln","+41 55 412 41 84","null"
"1615369870-36","https://bionetz.ch/adressen/detailhandel/bio-fachgeschaefte/page1.html","5","https://bionetz.ch/adressen/detailhandel/bio-fachgeschaefte/page5.html","Schulladen Demetrius","https://bionetz.ch/adressen/detailhandel/bio-fachgeschaefte/schulladen-demetrius.html","Gurnigelweg 3, 3612 Steffisburg","+41 33 438 71 00","null"
"1615370332-166","https://bionetz.ch/adressen/detailhandel/bio-fachgeschaefte/page1.html","2","https://bionetz.ch/adressen/detailhandel/bio-fachgeschaefte/page2.html","Bio Servette","https://bionetz.ch/adressen/detailhandel/bio-fachgeschaefte/bio-servette.html","Rte de Meyrin 3, 1202 Genève","+41 22 733 86 74","null"
"1615369929-52","https://bionetz.ch/adressen/detailhandel/bio-fachgeschaefte/page1.html","4","https://bionetz.ch/adressen/detailhandel/bio-fachgeschaefte/page4.html","Piment Vert Sarl","https://bionetz.ch/adressen/detailhandel/bio-fachgeschaefte/piment-vert-sarl.html","Avenue de la Gare 10, 1814 La Tour-de-Peilz","+41 21 944 15 75","null"
"1615369877-38","https://bionetz.ch/adressen/detailhandel/bio-fachgeschaefte/page1.html","5","https://bionetz.ch/adressen/detailhandel/bio-fachgeschaefte/page5.html","Salvia","https://bionetz.ch/adressen/detailhandel/bio-fachgeschaefte/salvia.html","Obertorplatz 1, 5620 Bremgarten AG","+41 56 631 14 25","null"
"1615370202-130","https://bionetz.ch/adressen/detailhandel/bio-fachgeschaefte/page1.html","3","https://bionetz.ch/adressen/detailhandel/bio-fachgeschaefte/page3.html","Drogerie Haas GmbH","https://bionetz.ch/adressen/detailhandel/bio-fachgeschaefte/bioladen-frauenfeld.html","Freiestrasse 22, 8500 Frauenfeld","+41 52 722 10 66","null"
"1615370282-152","https://bionetz.ch/adressen/detailhandel/bio-fachgeschaefte/page1.html","2","https://bionetz.ch/adressen/detailhandel/bio-fachgeschaefte/page2.html","BioPeter Frick","https://bionetz.ch/adressen/detailhandel/bio-fachgeschaefte/biopeter-frick.html","Widengasse 10, 5070 Frick","062 871 26 24","null"
"1615370394-184","https://bionetz.ch/adressen/detailhandel/bio-fachgeschaefte/page1.html","2","https://bionetz.ch/adressen/detailhandel/bio-fachgeschaefte/page2.html","atelier spirit","https://bionetz.ch/adressen/detailhandel/bio-fachgeschaefte/atelier-spirit.html","Geerenstrasse 7c, 8604 Kindhausen (Volketswil)","+41 43 399 57 33","null"
"1615370265-147","https://bionetz.ch/adressen/detailhandel/bio-fachgeschaefte/page1.html","2","https://bionetz.ch/adressen/detailhandel/bio-fachgeschaefte/page2.html","biowelt","https://bionetz.ch/adressen/detailhandel/bio-fachgeschaefte/biowelt.html","Bahnhofstrasse 35, 8580 Amriswil","+41 71 411 19 18","null"
"1615369960-61","https://bionetz.ch/adressen/detailhandel/bio-fachgeschaefte/page1.html","4","https://bionetz.ch/adressen/detailhandel/bio-fachgeschaefte/page4.html","Neumühle","https://bionetz.ch/adressen/detailhandel/bio-fachgeschaefte/neumuehle.html","Neumühlestrasse 40, 8406 Winterthur","+41 52 202 64 31","null"
"1615369828-24","https://bionetz.ch/adressen/detailhandel/bio-fachgeschaefte/page1.html","5","https://bionetz.ch/adressen/detailhandel/bio-fachgeschaefte/page5.html","Stiftung zur Palme","https://bionetz.ch/adressen/detailhandel/bio-fachgeschaefte/stiftung-zur-palme.html","Hochstrasse 31 - 33, 8330 Pfäffikon ZH","+41 44 953 31 13","null"
"1615369849-30","https://bionetz.ch/adressen/detailhandel/bio-fachgeschaefte/page1.html","5","https://bionetz.ch/adressen/detailhandel/bio-fachgeschaefte/page5.html","Sonnenrad","https://bionetz.ch/adressen/detailhandel/bio-fachgeschaefte/sonnenrad.html","Ittigenstrasse 31, 3063 Ittigen","+41 31 924 00 25","null"
"1615370307-159","https://bionetz.ch/adressen/detailhandel/bio-fachgeschaefte/page1.html","2","https://bionetz.ch/adressen/detailhandel/bio-fachgeschaefte/page2.html","Biolade Grüenfeld","https://bionetz.ch/adressen/detailhandel/bio-fachgeschaefte/biolade-grueenfeld.html","Grünfeld 2, 8833 Samstagern","+41 44 784 38 06","null"
"1615370088-97","https://bionetz.ch/adressen/detailhandel/bio-fachgeschaefte/page1.html","3","https://bionetz.ch/adressen/detailhandel/bio-fachgeschaefte/page3.html","la fontaine","https://bionetz.ch/adressen/detailhandel/bio-fachgeschaefte/la-fontaine.html","Chemin de la Fontaine 2, 1260 Nyon","+41 22 362 67 41","null"
"1615369898-44","https://bionetz.ch/adressen/detailhandel/bio-fachgeschaefte/page1.html","5","https://bionetz.ch/adressen/detailhandel/bio-fachgeschaefte/page5.html","Renggli Bio-Milch, Gemüse","https://bionetz.ch/adressen/detailhandel/bio-fachgeschaefte/renggli-bio-milch-gemuese.html","Cholholz, 6207 Nottwil","+41 41 937 11 87","null"
"1615370285-153","https://bionetz.ch/adressen/detailhandel/bio-fachgeschaefte/page1.html","2","https://bionetz.ch/adressen/detailhandel/bio-fachgeschaefte/page2.html","biopartnerLaden","https://bionetz.ch/adressen/detailhandel/bio-fachgeschaefte/biopartnerladen-seon.html","Staufferstrasse 2, 5703 Seon","062 769 00 69","null"
"1615370292-155","https://bionetz.ch/adressen/detailhandel/bio-fachgeschaefte/page1.html","2","https://bionetz.ch/adressen/detailhandel/bio-fachgeschaefte/page2.html","biomobil","https://bionetz.ch/adressen/detailhandel/bio-fachgeschaefte/biomobil.html","Galizistrasse 6, 5632 Buttwil","+41 56 664 00 62","null"
"1615370300-157","https://bionetz.ch/adressen/detailhandel/bio-fachgeschaefte/page1.html","2","https://bionetz.ch/adressen/detailhandel/bio-fachgeschaefte/page2.html","Bioladen Ulme","https://bionetz.ch/adressen/detailhandel/bio-fachgeschaefte/bioladen-ulme.html","Bankstrasse 30, 8750 Glarus","+41 55 640 10 22","null"
"1615370247-143","https://bionetz.ch/adressen/detailhandel/bio-fachgeschaefte/page1.html","3","https://bionetz.ch/adressen/detailhandel/bio-fachgeschaefte/page3.html","Canto Verde","https://bionetz.ch/adressen/detailhandel/bio-fachgeschaefte/canto-verde.html","Limmattalstrasse 178, 8049 Zürich","+41 44 341 03 01","null"
"1615370349-171","https://bionetz.ch/adressen/detailhandel/bio-fachgeschaefte/page1.html","2","https://bionetz.ch/adressen/detailhandel/bio-fachgeschaefte/page2.html","Bio Ladä","https://bionetz.ch/adressen/detailhandel/bio-fachgeschaefte/bio-ladae-.html","Grotzenmühlestrasse 38, 8840 Einsiedeln","+41 55 412 41 84","null"
"1615369856-32","https://bionetz.ch/adressen/detailhandel/bio-fachgeschaefte/page1.html","5","https://bionetz.ch/adressen/detailhandel/bio-fachgeschaefte/page5.html","Sgabuz Butietta","https://bionetz.ch/adressen/detailhandel/bio-fachgeschaefte/sgabuz-butietta.html","Archas Sot, 7554 Sent","+41 81 864 92 04","null"
"1615369977-66","https://bionetz.ch/adressen/detailhandel/bio-fachgeschaefte/page1.html","4","https://bionetz.ch/adressen/detailhandel/bio-fachgeschaefte/page4.html","Natürlich Keller","https://bionetz.ch/adressen/detailhandel/bio-fachgeschaefte/natuerlich-keller.html","Unterer Zielweg 113, 4143 Dornach","+41 61 701 44 10","null"
"1615369818-21","https://bionetz.ch/adressen/detailhandel/bio-fachgeschaefte/page1.html","5","https://bionetz.ch/adressen/detailhandel/bio-fachgeschaefte/page5.html","Teufers Kulinaria","https://bionetz.ch/adressen/detailhandel/bio-fachgeschaefte/teufers-kulinaria.html","Turmstrasse 17, 8330 Pfäffikon ZH","+41 44 950 13 32","null"
"1615369825-23","https://bionetz.ch/adressen/detailhandel/bio-fachgeschaefte/page1.html","5","https://bionetz.ch/adressen/detailhandel/bio-fachgeschaefte/page5.html","TATkraft Café und Bioladen","https://bionetz.ch/adressen/detailhandel/bio-fachgeschaefte/tatkraft-cafe-und-bioladen.html","Haupstrasse 38, 4102 Binningen","061 4238088","null"
"1615370321-163","https://bionetz.ch/adressen/detailhandel/bio-fachgeschaefte/page1.html","2","https://bionetz.ch/adressen/detailhandel/bio-fachgeschaefte/page2.html","Bio-Mag","https://bionetz.ch/adressen/detailhandel/bio-fachgeschaefte/bio-mag.html","Rue E.-Roulet 3, 2034 Peseux","+41 32 730 10 72","null"
"1615370004-74","https://bionetz.ch/adressen/detailhandel/bio-fachgeschaefte/page1.html","4","https://bionetz.ch/adressen/detailhandel/bio-fachgeschaefte/page4.html","Natur-Lädeli","https://bionetz.ch/adressen/detailhandel/bio-fachgeschaefte/natur-laedeli.html","Allmendstrasse 75, 4500 Solothurn","+41 32 622 42 74","null"
"1615370143-113","https://bionetz.ch/adressen/detailhandel/bio-fachgeschaefte/page1.html","3","https://bionetz.ch/adressen/detailhandel/bio-fachgeschaefte/page3.html","Gesundheitsmarkt","https://bionetz.ch/adressen/detailhandel/bio-fachgeschaefte/gesundheitsmarkt.html","Industriestrasse 31, 8305 Dietlikon","+41 44 805 30 20","null"
"1615370046-86","https://bionetz.ch/adressen/detailhandel/bio-fachgeschaefte/page1.html","4","https://bionetz.ch/adressen/detailhandel/bio-fachgeschaefte/page4.html","Le Topinambour","https://bionetz.ch/adressen/detailhandel/bio-fachgeschaefte/le-topinambour.html","av. William-Fraisse 9, 1006 Lausanne","+41 21 616 37 42","null"
"1615370254-144","https://bionetz.ch/adressen/detailhandel/bio-fachgeschaefte/page1.html","2","https://bionetz.ch/adressen/detailhandel/bio-fachgeschaefte/page2.html","Calendula","https://bionetz.ch/adressen/detailhandel/bio-fachgeschaefte/calendula.html","Soodstrasse 13, 8134 Adliswil","+41 44 710 21 09","null"
"1615370335-167","https://bionetz.ch/adressen/detailhandel/bio-fachgeschaefte/page1.html","2","https://bionetz.ch/adressen/detailhandel/bio-fachgeschaefte/page2.html","Bio Peter","https://bionetz.ch/adressen/detailhandel/bio-fachgeschaefte/bio-peter.html","Stadtgässli 9, 5600 Lenzburg","+41 62 891 88 81","null"
"1615369804-17","https://bionetz.ch/adressen/detailhandel/bio-fachgeschaefte/page1.html","5","https://bionetz.ch/adressen/detailhandel/bio-fachgeschaefte/page5.html","Verena Zobrist","https://bionetz.ch/adressen/detailhandel/bio-fachgeschaefte/verena-zobrist.html","Seckackerweg 6, 5604 Hendschiken","+41 62 891 65 06","null"
"1615369773-8","https://bionetz.ch/adressen/detailhandel/bio-fachgeschaefte/page1.html","5","https://bionetz.ch/adressen/detailhandel/bio-fachgeschaefte/page5.html","Viva natura","https://bionetz.ch/adressen/detailhandel/bio-fachgeschaefte/viva-natura.html","Löwengässchen 3, 8200 Schaffhausen","+41 52 624 78 77","null"
"1615369811-19","https://bionetz.ch/adressen/detailhandel/bio-fachgeschaefte/page1.html","5","https://bionetz.ch/adressen/detailhandel/bio-fachgeschaefte/page5.html","tutto bene","https://bionetz.ch/adressen/detailhandel/bio-fachgeschaefte/tutto-bene.html","Menznauerstrasse 12, 6110 Wolhusen","+41 491 07 37","null"
"1615370170-121","https://bionetz.ch/adressen/detailhandel/bio-fachgeschaefte/page1.html","3","https://bionetz.ch/adressen/detailhandel/bio-fachgeschaefte/page3.html","Fondation Perceval (Magasin)","https://bionetz.ch/adressen/detailhandel/bio-fachgeschaefte/fondation-perceval-magasin.html","Maison François, 1162 St-Prex","+41 21 823 11 90","null"
"1615369808-18","https://bionetz.ch/adressen/detailhandel/bio-fachgeschaefte/page1.html","5","https://bionetz.ch/adressen/detailhandel/bio-fachgeschaefte/page5.html","va bene Natur-&Geschenkladen","https://bionetz.ch/adressen/detailhandel/bio-fachgeschaefte/va-bene-natur-ageschenkladen.html","Schulhausstrasse 6, 5612 Villmergen","+41 56 610 62 60","null"
"1615369915-48","https://bionetz.ch/adressen/detailhandel/bio-fachgeschaefte/page1.html","4","https://bionetz.ch/adressen/detailhandel/bio-fachgeschaefte/page4.html","Punkt Sirnach AG","https://bionetz.ch/adressen/detailhandel/bio-fachgeschaefte/punkt-sirnach-ag.html","Winterthurerstrasse 3, 8370 Sirnach","+41 71 966 53 03","null"
"1615369794-14","https://bionetz.ch/adressen/detailhandel/bio-fachgeschaefte/page1.html","5","https://bionetz.ch/adressen/detailhandel/bio-fachgeschaefte/page5.html","Vita Santé","https://bionetz.ch/adressen/detailhandel/bio-fachgeschaefte/vita-sante.html","Avenue Cèrèsole 5, 1800 Vevey","+41 21 922 84 54","null"
"1615370018-78","https://bionetz.ch/adressen/detailhandel/bio-fachgeschaefte/page1.html","4","https://bionetz.ch/adressen/detailhandel/bio-fachgeschaefte/page4.html","Mio Bio Sagl","https://bionetz.ch/adressen/detailhandel/bio-fachgeschaefte/mio-bio-sagl.html","via Stazione 78, 6987 Caslano","+41 91 606 20 19","null"
"1615369863-34","https://bionetz.ch/adressen/detailhandel/bio-fachgeschaefte/page1.html","5","https://bionetz.ch/adressen/detailhandel/bio-fachgeschaefte/page5.html","Sesam","https://bionetz.ch/adressen/detailhandel/bio-fachgeschaefte/sesam.html","Bergstrasse2, 8910 Affoltern a.Albis","+41 44 761 80 30","null"
"1615369932-53","https://bionetz.ch/adressen/detailhandel/bio-fachgeschaefte/page1.html","4","https://bionetz.ch/adressen/detailhandel/bio-fachgeschaefte/page4.html","Pfifouter Naturprodukte","https://bionetz.ch/adressen/detailhandel/bio-fachgeschaefte/pfifouter-naturprodukte.html","Bernstrasse 6, 3550 Langnau BE","+41 34 402 51 72","null"
"1615370401-186","https://bionetz.ch/adressen/detailhandel/bio-fachgeschaefte/page1.html","2","https://bionetz.ch/adressen/detailhandel/bio-fachgeschaefte/page2.html","Arvensis SARL","https://bionetz.ch/adressen/detailhandel/bio-fachgeschaefte/arvensis-sarl.html","Av. Béthusy 31, 1012 Lausanne","+41 21 312 52 32","null"
